go_id,auc_sim,auc_real
GO:0000045,0.532990142123742,0.5333853712264254
GO:0000070,0.510982453467408,0.6221836615324624
GO:0000077,0.4969352984361365,0.5328629371841384
GO:0000079,0.49136407557149,0.5301162372945795
GO:0000082,0.480133607564936,0.4987224749542085
GO:0000086,0.5080039316369676,0.5549526153356895
GO:0000132,0.511080252471385,0.46599989561545524
GO:0000165,0.4565091283218775,0.49382932849401284
GO:0000184,0.4243709853504965,0.6358732830711903
GO:0000209,0.494443591187563,0.5675724036188398
GO:0000226,0.4851937776414345,0.5694151949332504
GO:0000245,0.5006851400730815,0.6410233869221609
GO:0000278,0.4914743282924055,0.5528364640451353
GO:0000281,0.4815523911328295,0.575410971851466
GO:0000289,0.4991628614916285,0.6255000252525252
GO:0000375,0.5772855602080955,0.6867095052506226
GO:0000380,0.5080120074412311,0.6816175014456721
GO:0000381,0.5460321307129705,0.6139704980136346
GO:0000387,0.47372753921120747,0.6452256398596855
GO:0000398,0.47464528142352946,0.6686180784288434
GO:0000413,0.4343453015244765,0.5663670713983214
GO:0000422,0.5230109138323725,0.6003192575498205
GO:0000462,0.4358663240705495,0.6365559533861609
GO:0000723,0.45472510338282146,0.595911063559933
GO:0000724,0.4735965605431075,0.6223149745217852
GO:0000902,0.4867092288576945,0.5301469594489682
GO:0001501,0.477827217882403,0.5505548116089186
GO:0001503,0.4745513105389365,0.6301203195959024
GO:0001523,0.546991586721486,0.6384516992954493
GO:0001525,0.4796130778273635,0.6839158928936455
GO:0001541,0.4557339954448085,0.5743627029789509
GO:0001558,0.460943867155664,0.5084474645944654
GO:0001568,0.5313127079681985,0.6083046765990008
GO:0001569,0.507316027571891,0.6937542495126705
GO:0001570,0.4386216725199775,0.6925613342882566
GO:0001578,0.5500622032650371,0.4983592306192735
GO:0001580,0.6738598894130775,0.6859566686672669
GO:0001649,0.476602383580778,0.5476794990383316
GO:0001654,0.5433073405253279,0.5428609686689085
GO:0001656,0.513367024516522,0.7036248099060599
GO:0001657,0.5449466089466091,0.580778127061975
GO:0001658,0.5976720004847145,0.5402529969001322
GO:0001659,0.6357308339463426,0.6281655916305916
GO:0001662,0.46582183859411597,0.6372076374899821
GO:0001666,0.48910152044183497,0.5873171733577838
GO:0001675,0.467715039730874,0.6161500673876331
GO:0001676,0.555136731309439,0.5642722698660199
GO:0001678,0.47957746478873253,0.43320356748506106
GO:0001701,0.473925798822652,0.5607909708913704
GO:0001707,0.509285349625004,0.5820257326661902
GO:0001708,0.5408617436261944,0.623718494937245
GO:0001755,0.499512590946717,0.5463836467469402
GO:0001756,0.4665870717539675,0.5664947137577331
GO:0001764,0.46967420704789653,0.5568724062844437
GO:0001774,0.516287388690159,0.6194979511746238
GO:0001778,0.5500855388585635,0.5562878994544037
GO:0001782,0.458135056596112,0.6231146855039514
GO:0001817,0.4831045369239815,0.6151654036458333
GO:0001818,0.45404501988660395,0.5446690276604501
GO:0001819,0.538508140515895,0.6118980044273715
GO:0001822,0.485387803045226,0.5691713241954308
GO:0001824,0.5554223845640025,0.5164928257555377
GO:0001835,0.454876629802412,0.4464628342368224
GO:0001836,0.4432199581004575,0.6730776693324427
GO:0001837,0.463856268957687,0.6064152151639345
GO:0001843,0.46032921103129754,0.5646542439223314
GO:0001889,0.46880791842428704,0.5268463247306222
GO:0001890,0.4818842085336065,0.5417750891980123
GO:0001892,0.433836462032809,0.5753811843069587
GO:0001894,0.5395982886470669,0.48159376262626263
GO:0001895,0.5700832888956605,0.699812828349014
GO:0001916,0.622515198403639,0.6609903615044823
GO:0001932,0.46463876394500747,0.4619832093076549
GO:0001933,0.48812070282658504,0.47359781499243214
GO:0001934,0.49526228146778295,0.5576079760321578
GO:0001935,0.5330288034513385,0.675657551745042
GO:0001937,0.574255431196386,0.649339462058212
GO:0001938,0.484488657122928,0.6608748665146085
GO:0001942,0.521009550661688,0.5835450454355018
GO:0001947,0.5439681264229275,0.5620759366236998
GO:0001954,0.461586842410533,0.5712493531029406
GO:0001958,0.5025880793207526,0.5016472878570208
GO:0001974,0.5518269450582944,0.5931206797547076
GO:0001975,0.547170386168025,0.6734889177714236
GO:0002027,0.586625279301239,0.622457881604109
GO:0002040,0.471919199614027,0.6588111313958458
GO:0002042,0.4280407776678425,0.6563836891078271
GO:0002052,0.602073972533191,0.5796377026064526
GO:0002053,0.5155594703436674,0.651517887295196
GO:0002062,0.49603174603174605,0.623352210803232
GO:0002088,0.5338769910829965,0.5406123477549959
GO:0002092,0.5745336886181955,0.41913025096357887
GO:0002181,0.4772649311293145,0.8810789379979025
GO:0002218,0.4307792117151415,0.6050287817213692
GO:0002223,0.5079839180174011,0.6340081916265435
GO:0002224,0.5247121686677105,0.7736918787518905
GO:0002230,0.543234789769971,0.6660054260991761
GO:0002244,0.493667763656309,0.5816047107348312
GO:0002250,0.5172968264048325,0.7085423257374108
GO:0002286,0.594649423101306,0.6130143410744827
GO:0002376,0.4460553415902395,0.6686492225556413
GO:0002437,0.425822340605446,0.6626614607009114
GO:0002548,0.5516669204802149,0.7912450876929746
GO:0002639,0.5198325085649029,0.6350484847992725
GO:0002682,0.5738655122655125,0.6933852188597653
GO:0002862,0.45904474380766347,0.6175818497799795
GO:0002931,0.487211073016329,0.5638977666895661
GO:0003007,0.5636945439456684,0.5511051001762293
GO:0003009,0.6672049500320796,0.6507753978564469
GO:0003148,0.5548512765849449,0.635109851683447
GO:0003151,0.469382377115161,0.6407176521607147
GO:0003180,0.556564194212777,0.6530156094582483
GO:0003203,0.497173385425916,0.72865127296454
GO:0003281,0.49378014724549346,0.532519466285442
GO:0003333,0.5456546631919765,0.5271519040641369
GO:0003341,0.6073262168001015,0.8476545411218837
GO:0005975,0.504437680766183,0.5090558500555592
GO:0005977,0.5027738292663665,0.5598363242172275
GO:0005978,0.6016890749196685,0.5396712049062049
GO:0006006,0.5002879766387369,0.519217771267361
GO:0006091,0.5354183686436835,0.5880836755194219
GO:0006094,0.5362775562851785,0.5229823313730773
GO:0006096,0.6075993055651749,0.6024110146843197
GO:0006099,0.56222611521568,0.690395515986483
GO:0006120,0.526068497079399,0.8105482056949681
GO:0006139,0.45665755619300696,0.5135233674321453
GO:0006259,0.5073952862977905,0.43161202444349606
GO:0006260,0.4444057579158585,0.6295365834836408
GO:0006261,0.444708168681971,0.6510561041811042
GO:0006268,0.4938161199482455,0.6653765705256062
GO:0006270,0.4898625069793415,0.657621021177082
GO:0006275,0.528396096966001,0.6024246648599819
GO:0006281,0.460498611981461,0.6099517425756896
GO:0006282,0.463130451089582,0.5854271769654457
GO:0006284,0.4658218491447135,0.6025343949718949
GO:0006289,0.485289432493455,0.5534329004329004
GO:0006298,0.4734816760570525,0.6681627149105712
GO:0006302,0.49881201492454696,0.5706393588065899
GO:0006303,0.4147086963516135,0.6099739021675973
GO:0006306,0.4815905860554835,0.693023562023562
GO:0006310,0.4618058203075355,0.5878819117413238
GO:0006325,0.4695537440926745,0.6167641381274787
GO:0006334,0.49806816659970554,0.5568766878293105
GO:0006338,0.4985198188978085,0.6260909633276315
GO:0006351,0.495107500274937,0.6183064796587927
GO:0006355,0.4778596400946685,0.5893263722507678
GO:0006364,0.394369808343775,0.6920134017381031
GO:0006366,0.486956401449882,0.5669524509092613
GO:0006367,0.5243857265022396,0.5510174259455375
GO:0006368,0.4993537492699525,0.6187792305692748
GO:0006378,0.42467326481411005,0.5715301674677405
GO:0006383,0.46793979467548297,0.5851004768708367
GO:0006396,0.498495730225398,0.6148175699148862
GO:0006397,0.5234600693725511,0.6268628912958626
GO:0006400,0.5098815232006495,0.6213354797979798
GO:0006401,0.4628811599108625,0.6109366883257527
GO:0006402,0.411228554754474,0.6219843088280588
GO:0006406,0.5149516627259555,0.6578601131128486
GO:0006412,0.45276471975309196,0.756744347093554
GO:0006413,0.48844824079723403,0.6873032951095207
GO:0006417,0.508216276051607,0.5674157686675271
GO:0006446,0.5303550828263339,0.6163235542560104
GO:0006457,0.4716639182901265,0.6273722672304055
GO:0006468,0.49505363601903096,0.5603027711331869
GO:0006469,0.467070783354356,0.5339154990559281
GO:0006470,0.46239050152494,0.5550777455000004
GO:0006479,0.5109545212158151,0.562354980071051
GO:0006486,0.4886979967655965,0.5424686628531679
GO:0006487,0.4682358812012105,0.5653479355430595
GO:0006493,0.4898470504402705,0.48254023245140726
GO:0006506,0.4354063570612865,0.5889356149182635
GO:0006508,0.5393574972857056,0.566038960123657
GO:0006509,0.48511836796833396,0.612681447858473
GO:0006511,0.482822832876916,0.5464858513223326
GO:0006513,0.500488353938602,0.5543484229170924
GO:0006605,0.491900104365816,0.5027322501769745
GO:0006606,0.477555080365315,0.5539938328384703
GO:0006611,0.5151702349722155,0.5060566774962096
GO:0006612,0.448110539028731,0.5058616810076451
GO:0006622,0.4568264301304505,0.6134095995192932
GO:0006626,0.477831928791417,0.6986408114845615
GO:0006629,0.5420308015580155,0.555056249630811
GO:0006631,0.552669201181925,0.5427692913537164
GO:0006633,0.5322585084131459,0.5078867910373113
GO:0006635,0.6101397268788076,0.6426711092735742
GO:0006637,0.5925156603445274,0.5903055604524072
GO:0006641,0.5456630278412455,0.5898119197695323
GO:0006644,0.5553961235328925,0.5556796105979792
GO:0006654,0.484521835268104,0.5110868780730825
GO:0006656,0.550917116979983,0.572530025544443
GO:0006661,0.513130091926981,0.5958903386670136
GO:0006672,0.5270317291172825,0.48214292827145144
GO:0006687,0.5184828746144114,0.521669456325753
GO:0006693,0.5529706630711351,0.682272665945166
GO:0006694,0.596184169031851,0.5575313190203975
GO:0006695,0.6191346739792809,0.6870394849312047
GO:0006699,0.6202076445681806,0.5327695842806106
GO:0006749,0.479553650169222,0.6685997166970012
GO:0006783,0.3936065710443425,0.5590203533774358
GO:0006805,0.5076057846813065,0.5919358990854111
GO:0006809,0.515908956372462,0.6395000288600288
GO:0006811,0.53072305547053,0.5692132582060819
GO:0006812,0.627502854967644,0.6034626123200173
GO:0006813,0.596920044536728,0.589097481257417
GO:0006814,0.52547104744844,0.5806721101826937
GO:0006816,0.485215352424335,0.5588959993990863
GO:0006821,0.5093340615976085,0.54411237037778
GO:0006836,0.6000572626601275,0.5983419972986052
GO:0006839,0.487827667850499,0.5081161868686869
GO:0006865,0.45546082491839,0.5172748602625763
GO:0006869,0.5185546780308534,0.5927607463853067
GO:0006874,0.517467151879046,0.5657654459524587
GO:0006879,0.466191542612315,0.5422325896975566
GO:0006882,0.4344368076097675,0.537782104579409
GO:0006883,0.5492447721267084,0.590325276723666
GO:0006884,0.5031817912744925,0.4600863599677159
GO:0006886,0.4908469931082995,0.5906459236445089
GO:0006887,0.5861949149219795,0.5811973622980408
GO:0006888,0.4961034378952835,0.6074544409220646
GO:0006890,0.5069080062368649,0.5725535193437858
GO:0006891,0.44665718951759603,0.5863584535412606
GO:0006893,0.494824184051571,0.5770428060318697
GO:0006897,0.4608195940538665,0.5623052343207905
GO:0006898,0.4458876938637115,0.5948320889392437
GO:0006904,0.5526152752386755,0.5971168074690234
GO:0006906,0.5387163088168114,0.594056269217444
GO:0006909,0.478544434264773,0.634698091248394
GO:0006911,0.4537202154419385,0.7924802048636562
GO:0006913,0.441788755151317,0.6669660010840108
GO:0006914,0.4869666716608625,0.5463649943237269
GO:0006919,0.4626443566364125,0.6157508368104045
GO:0006935,0.5661267557732205,0.7372489005725731
GO:0006936,0.55347448515791,0.6448331525161909
GO:0006939,0.509272648857092,0.5079660522173672
GO:0006952,0.5518100727846496,0.6626162714955706
GO:0006953,0.5631422699246404,0.7840699681105404
GO:0006954,0.546189236950009,0.6864379364239668
GO:0006955,0.5563449530378439,0.735147916795966
GO:0006956,0.515411150002536,0.7763839925526618
GO:0006958,0.4803324451211775,0.7588968247779945
GO:0006959,0.525401581698273,0.6331169388276587
GO:0006968,0.483742471601738,0.7886397558714463
GO:0006974,0.454307147657121,0.5764903216525552
GO:0006979,0.4540535040609385,0.55205842972348
GO:0006986,0.489933760520762,0.6887615745260393
GO:0006997,0.5168377443837939,0.5096671754898776
GO:0006998,0.4325143127753675,0.5099736688311689
GO:0007004,0.384054202604431,0.5171415398031411
GO:0007005,0.443114236217263,0.5494170223511013
GO:0007010,0.5207914247346855,0.5393152619054542
GO:0007015,0.47771815751869096,0.5520271254881869
GO:0007018,0.561119592875318,0.6266596588319552
GO:0007020,0.407904370455748,0.6070032566640997
GO:0007026,0.607191576569717,0.6334351184290292
GO:0007029,0.4326479378868315,0.5374800149693227
GO:0007030,0.47924701436947303,0.5979702044422996
GO:0007032,0.49912678453487747,0.578015420061247
GO:0007035,0.5534640437586316,0.6035555132879937
GO:0007040,0.528293889790421,0.5185336147693909
GO:0007041,0.5356947192208186,0.5701665043290043
GO:0007042,0.49173368512739846,0.652323289391086
GO:0007043,0.5209831079628304,0.5379659324222633
GO:0007049,0.49244587593669253,0.5573603381580754
GO:0007052,0.5166725014437334,0.5845160922117117
GO:0007059,0.48357939643937653,0.5988517558691828
GO:0007080,0.5202660078917509,0.5752291966666357
GO:0007088,0.39586301141450697,0.6023182417011487
GO:0007094,0.526017030662526,0.6378598333910834
GO:0007095,0.44381300627206,0.5521856316610345
GO:0007098,0.49514137641948053,0.5774596119126587
GO:0007099,0.40728196801718397,0.6598743663731648
GO:0007129,0.4836369577908065,0.646980413012883
GO:0007130,0.6050148390533445,0.6202664917027417
GO:0007131,0.5015878001116695,0.5540378443347194
GO:0007140,0.5186524552721734,0.5882890428791028
GO:0007141,0.541320845706744,0.523764251029876
GO:0007155,0.482794336227803,0.6165910977142927
GO:0007156,0.552536185610898,0.6608612532827951
GO:0007157,0.523664925126484,0.5212883825315655
GO:0007159,0.6147567108651565,0.7987156898418887
GO:0007160,0.48344982696019645,0.6305391910452651
GO:0007162,0.4536906940269245,0.5745723243706953
GO:0007163,0.5267541107925285,0.5346351136669795
GO:0007166,0.5244613483666696,0.6418392436232739
GO:0007169,0.5186538240698211,0.6005363399003085
GO:0007173,0.535033183309177,0.53557249313936
GO:0007179,0.4956892155207585,0.6237317125020522
GO:0007187,0.670885301446843,0.6796545156213092
GO:0007188,0.5621076973901555,0.6148088881662149
GO:0007189,0.5648124143550239,0.6723907501204857
GO:0007190,0.5484900761938589,0.6505623308433474
GO:0007193,0.5510877510806,0.6505663664307396
GO:0007200,0.539733312975545,0.7222753319584645
GO:0007202,0.49700290541874703,0.7080099998315513
GO:0007204,0.5188912484924755,0.6573753920512453
GO:0007205,0.6080938332698895,0.5835538484303833
GO:0007214,0.6516821492931295,0.6253402152152152
GO:0007218,0.656311464212295,0.7120198404925144
GO:0007219,0.467195993798331,0.5812249761360634
GO:0007224,0.5516208091307451,0.5918302869368782
GO:0007229,0.454596533021531,0.6620540321352929
GO:0007249,0.48010615762425446,0.6532712101482301
GO:0007254,0.484248505627457,0.5414515119740633
GO:0007259,0.533047250930518,0.6618409736220388
GO:0007264,0.42274401895589697,0.5941149939873372
GO:0007265,0.5066926545899255,0.5357754262360847
GO:0007266,0.4236738812611235,0.5666356098189114
GO:0007267,0.5551031666611685,0.6399676325953358
GO:0007268,0.642808203962614,0.6977337759581114
GO:0007269,0.6186023122414275,0.7067091679479128
GO:0007271,0.507848633200585,0.5117283784536025
GO:0007274,0.6993376979293544,0.6250020190538054
GO:0007275,0.5302881602079035,0.5760195846892607
GO:0007276,0.4813814270857115,0.5556327777777778
GO:0007281,0.510955266955267,0.5831692112861357
GO:0007283,0.5319974396008404,0.5280305769434318
GO:0007286,0.5685604880047199,0.5880959774852821
GO:0007288,0.605224560483109,0.7832116811152737
GO:0007338,0.5367324561403506,0.5153141364978079
GO:0007339,0.455912923051755,0.6171886331629588
GO:0007342,0.632771478578495,0.6390674674699056
GO:0007346,0.5020314806331756,0.5348942432925241
GO:0007368,0.5371792708760146,0.6393834732435305
GO:0007369,0.45175897728714653,0.502634716358125
GO:0007389,0.6626839868037055,0.5671270907791279
GO:0007399,0.5329869930764,0.6275792972928766
GO:0007405,0.5074890556597871,0.519008677603281
GO:0007409,0.512838996332929,0.6214657018017851
GO:0007411,0.5132999386729296,0.5970575776996109
GO:0007416,0.5531357497500555,0.6535055910057733
GO:0007417,0.497936985475329,0.5180777550822193
GO:0007420,0.501106071788523,0.5605747009497145
GO:0007422,0.5117488834754365,0.4822176160474582
GO:0007492,0.5634857210509845,0.5503860423837046
GO:0007498,0.44402975601086647,0.6289798222626499
GO:0007507,0.488968724850602,0.5824247382420711
GO:0007517,0.422776066067334,0.5234917110632715
GO:0007519,0.5456378718535471,0.5283614266855334
GO:0007520,0.5577267189522574,0.5368867219031537
GO:0007528,0.5247009979431705,0.5473430205354822
GO:0007565,0.5174722307143585,0.5934227790145369
GO:0007566,0.48280372882217,0.6699795101848934
GO:0007568,0.4947190101676935,0.6114640931693274
GO:0007584,0.5164792343547124,0.5586360913438823
GO:0007585,0.4557211236062805,0.5739688586643951
GO:0007586,0.7220277058913075,0.7126329522324716
GO:0007595,0.469694660718739,0.5667007649633771
GO:0007596,0.5569532530161395,0.6426923737128092
GO:0007601,0.5366108500055644,0.5554629048990611
GO:0007602,0.6545980839994925,0.6117436402748903
GO:0007605,0.518236374909697,0.4985421013070036
GO:0007608,0.7400077954870905,0.6393063928257825
GO:0007611,0.5933796225647285,0.5979871218040543
GO:0007612,0.5577170386198165,0.6810426696542162
GO:0007613,0.5550676357762975,0.6207614091685462
GO:0007616,0.5497731601731599,0.6513199509559615
GO:0007623,0.545480225988701,0.5535532736545139
GO:0007626,0.56127030845824,0.6365262845695512
GO:0007628,0.5694914178346535,0.5626553179967073
GO:0007631,0.7817646872224335,0.7375866551647802
GO:0008015,0.5012665369101015,0.6337012367338098
GO:0008016,0.574089166476249,0.6077419591023309
GO:0008053,0.4987696600710295,0.49000704436589887
GO:0008089,0.436071552475482,0.6330118006368185
GO:0008104,0.48021742872975104,0.544485240865416
GO:0008154,0.4544274467023535,0.5768434684998099
GO:0008202,0.5532718823798279,0.5991010228634602
GO:0008203,0.5398682054273255,0.6094058633648312
GO:0008210,0.5806826955491036,0.6125752414988087
GO:0008217,0.4906052837324315,0.5917362007269981
GO:0008219,0.459568065818542,0.5276140336625942
GO:0008277,0.420361999164897,0.5826434616079494
GO:0008283,0.49828593498351,0.5458576302503892
GO:0008284,0.515361022407817,0.5523234609136031
GO:0008285,0.489706425174533,0.5612511455879571
GO:0008286,0.43676428522946553,0.5304676684450181
GO:0008306,0.5852984487267374,0.6393792045749935
GO:0008333,0.452606940466207,0.5570649790035922
GO:0008344,0.4953495463901805,0.5870078738336333
GO:0008360,0.4491059155758785,0.6136936939742328
GO:0008361,0.41368994765371947,0.574263378456533
GO:0008380,0.5350108670141744,0.6280000858591535
GO:0008542,0.6225069440662274,0.6675952123853509
GO:0008543,0.518589327942635,0.5272830753958381
GO:0008544,0.5985305277347435,0.655228431640922
GO:0008584,0.4721274117156875,0.5468514859448872
GO:0008589,0.583885083713851,0.6258859884559884
GO:0008625,0.419971932230943,0.6051790687478223
GO:0008630,0.4313659382262175,0.6162153000014455
GO:0008643,0.4515310652764035,0.5000865758694698
GO:0008654,0.4542617960426175,0.6172109235209235
GO:0009060,0.5423389580822284,0.7729412585623674
GO:0009267,0.488009775469681,0.4923283702426033
GO:0009306,0.501285235045528,0.5582853656265031
GO:0009311,0.441265491505272,0.45723128978306055
GO:0009312,0.5075720086283465,0.4599218120696375
GO:0009314,0.464102647758251,0.48689136957395257
GO:0009408,0.531900774430123,0.5124472599819332
GO:0009409,0.505013462368869,0.6215903888383247
GO:0009410,0.4814151016634555,0.5458379468098203
GO:0009411,0.4834593886804255,0.5991554217289311
GO:0009566,0.5831497695639725,0.5155094805467016
GO:0009611,0.541897683139146,0.6407887842816209
GO:0009612,0.5093742054411394,0.5922285927082881
GO:0009615,0.517119360662431,0.6967896810366542
GO:0009617,0.523254584553458,0.6364658583221247
GO:0009636,0.5058311112962806,0.6379608944563903
GO:0009653,0.542751255998378,0.6244529684189986
GO:0009725,0.4460795809881175,0.5138892384381981
GO:0009749,0.4790340097247165,0.46033397298177087
GO:0009755,0.5449605412454065,0.5547158589762649
GO:0009791,0.47797825096236846,0.5134130394020319
GO:0009792,0.519384614083602,0.5010750610044629
GO:0009880,0.534017360846722,0.4956566113420814
GO:0009887,0.559115838881661,0.5185190932284646
GO:0009952,0.5333150809537914,0.6688797459116684
GO:0009953,0.5632440682349249,0.4986547238601071
GO:0009954,0.4671326233041715,0.6637390406435407
GO:0009966,0.4079296700049405,0.5218042907956466
GO:0009968,0.5404749506803155,0.5532653860803002
GO:0010033,0.4907070803197565,0.5131936586554076
GO:0010043,0.5089358232442445,0.5758024755524755
GO:0010212,0.4492695183181355,0.6078482090978029
GO:0010259,0.470038005684991,0.6552921051491923
GO:0010332,0.4510145424090145,0.6263886121698622
GO:0010460,0.5881338305050355,0.6779474747474747
GO:0010466,0.5328491257539896,0.6222987352001805
GO:0010467,0.5324624912513896,0.4988971990622137
GO:0010468,0.5273071319951561,0.5673838999408134
GO:0010506,0.5107084731125651,0.5658709578435538
GO:0010507,0.479151413463494,0.5370663632408127
GO:0010508,0.5234847906148801,0.5009914346119871
GO:0010529,0.470813489043052,0.6244227396726423
GO:0010575,0.53423786136704,0.6714865201740201
GO:0010592,0.496731196624587,0.5832133161034467
GO:0010595,0.473657658345421,0.6624590826225666
GO:0010596,0.4492914457719265,0.6063574706671863
GO:0010608,0.39134933924856297,0.5567913418858936
GO:0010613,0.39740825300186,0.5146893954152868
GO:0010628,0.500616060870274,0.5896410256644719
GO:0010629,0.48592421615001347,0.5716791863763486
GO:0010634,0.490338080592576,0.5239697286502571
GO:0010667,0.43219956373966395,0.5312878751803752
GO:0010718,0.551287004558318,0.666279508467777
GO:0010719,0.4915728752362415,0.5406666125154331
GO:0010800,0.44968468316016297,0.6401958359503028
GO:0010804,0.51087607162786,0.4375582967615831
GO:0010811,0.5546694277838575,0.5933305149506242
GO:0010821,0.5519765770336544,0.5494732743932043
GO:0010824,0.5562014914016136,0.45803836674613996
GO:0010839,0.5435070207105525,0.5493613814688699
GO:0010842,0.668336842817397,0.5874301874945873
GO:0010862,0.4979594430223485,0.6084414359833453
GO:0010875,0.517696041111534,0.5967379065436751
GO:0010881,0.5210748378696024,0.6764104942279943
GO:0010906,0.4775062799725965,0.5444738648804112
GO:0010942,0.486665650716245,0.611486800950606
GO:0010951,0.5426736481792149,0.6832185117279603
GO:0010971,0.5349231579481715,0.48657898523523524
GO:0010975,0.4767316676823075,0.6313043025300775
GO:0010976,0.4911299855522965,0.5700941093935216
GO:0010977,0.5149246704331449,0.5227892538535241
GO:0014003,0.5197192440684599,0.5605038708513709
GO:0014032,0.3719757126789625,0.5244009668109668
GO:0014059,0.653896490352206,0.7462264235389235
GO:0014065,0.5047373358348965,0.5814281874539385
GO:0014068,0.5008125291894876,0.6718067270083242
GO:0014070,0.49902428171879,0.6165863640829534
GO:0014823,0.5291366407305125,0.6025827790064033
GO:0015031,0.483059019242154,0.5618175755165814
GO:0015698,0.5253591461712225,0.4633624013801367
GO:0015701,0.5088770415503086,0.5729627006644095
GO:0015711,0.5587920683240319,0.6487814754689755
GO:0015721,0.6009443302109515,0.602225535847068
GO:0015804,0.534474885844749,0.5581465555895714
GO:0015908,0.572748000014499,0.5112728008357149
GO:0015914,0.547855891537817,0.6056018431882174
GO:0016042,0.547591419192305,0.5389921973521543
GO:0016055,0.4742595580827485,0.5641500759659462
GO:0016064,0.4085375133160855,0.7948270815295815
GO:0016079,0.6828187924328595,0.6940105363096011
GO:0016125,0.555740698470669,0.6126276659451659
GO:0016192,0.5169166190915345,0.6137127711223892
GO:0016197,0.4600492529698415,0.527993167933831
GO:0016226,0.5217737158331215,0.6608778609631458
GO:0016236,0.471078652393558,0.5940963112529581
GO:0016239,0.464777718536573,0.5754472989364698
GO:0016241,0.4911108019649725,0.6448268845117406
GO:0016266,0.4365446824005625,0.45466804874795774
GO:0016310,0.4829712051465845,0.5493041996208903
GO:0016311,0.4359550935128345,0.48185146300976167
GO:0016338,0.464219043270938,0.5517108874458875
GO:0016339,0.543402910032757,0.5967282876242096
GO:0016358,0.5110683532728799,0.5975033126604647
GO:0016477,0.463757042823308,0.5873131458324192
GO:0016485,0.5204512456059915,0.5460948915174519
GO:0016525,0.475466641572613,0.6083766006533025
GO:0016540,0.5568840487734705,0.5145444995440448
GO:0016567,0.491845967211228,0.576261715222643
GO:0016570,0.450812042556082,0.5551740542135047
GO:0016573,0.5218877032520325,0.6301470764933403
GO:0016575,0.4874491559894245,0.5855128209298291
GO:0016579,0.5114982418590426,0.5220714880018777
GO:0016601,0.5055473399589705,0.5233127625140729
GO:0016925,0.491687164721735,0.5668732545855406
GO:0016973,0.5743383223406056,0.6151990296215895
GO:0017015,0.541766590534196,0.5311884380692591
GO:0017148,0.47198886995496847,0.5722058359990507
GO:0017156,0.6299536714807725,0.6181865013639907
GO:0017157,0.5903486502496404,0.6452946088302802
GO:0017158,0.7075984681325931,0.6805532864357864
GO:0018105,0.48230937154452047,0.5732591949552966
GO:0018107,0.4684716496157175,0.5943235915228882
GO:0018108,0.48880691099246854,0.5672177118691488
GO:0018149,0.4919556705651535,0.8033237811318757
GO:0018230,0.403500507549803,0.5105526056551485
GO:0018279,0.5523530413916344,0.6271426506884905
GO:0018345,0.429734990593634,0.47189535994952636
GO:0019082,0.430714225268681,0.49234728485714907
GO:0019216,0.45880433083176997,0.5317583115365444
GO:0019221,0.5557908599738065,0.6420194011387085
GO:0019226,0.6148148148148149,0.6428854617604618
GO:0019228,0.515673651663604,0.5368908237928242
GO:0019233,0.6164488152441969,0.6400353474462854
GO:0019369,0.5487706501719145,0.56488099168183
GO:0019722,0.485473136341656,0.5659131669745922
GO:0019731,0.47583107119601553,0.7842841836587285
GO:0019827,0.5303457464003025,0.6317918042958017
GO:0019835,0.49884796523180197,0.7426205908002895
GO:0019882,0.440945638304043,0.6395916715380618
GO:0019915,0.5333808182632115,0.5070466168669482
GO:0019933,0.5364856136312994,0.5844971173096174
GO:0019934,0.5609867519415259,0.63418841668754
GO:0021510,0.4395874574894675,0.4523330445830446
GO:0021549,0.473469611143037,0.5552205179659169
GO:0021762,0.4804956431166325,0.6438643488206528
GO:0021766,0.4787672959633865,0.6128187285121635
GO:0021772,0.414068379971417,0.48968678571428575
GO:0021915,0.47530065094031004,0.5110337448559671
GO:0021983,0.5286468244906245,0.6455171384654401
GO:0021987,0.5471345106399725,0.5604072226301577
GO:0022008,0.452971668249446,0.5360349290716033
GO:0022038,0.5987421782513105,0.6890303463203463
GO:0022604,0.5146108839394465,0.5796585341430674
GO:0022617,0.5704942542213884,0.6403821816026656
GO:0022900,0.494404289673761,0.6190535761444926
GO:0023019,0.5624469912793859,0.4265616715838173
GO:0030010,0.49254449437631753,0.47917705785267206
GO:0030030,0.417312316889363,0.5416700129299759
GO:0030032,0.4676005772005775,0.49824486069666435
GO:0030036,0.44331945812447304,0.5460684309358487
GO:0030041,0.5134760417460196,0.6354260077863731
GO:0030071,0.4866181818181815,0.5727632286465565
GO:0030073,0.604406349206349,0.5361578504456869
GO:0030097,0.5146407090851535,0.6085941477832063
GO:0030099,0.5365423642820899,0.7152276402020183
GO:0030100,0.5106956396652536,0.5641636166709991
GO:0030101,0.5932640844177255,0.6732041353139294
GO:0030148,0.5726099435502325,0.6504477842933113
GO:0030150,0.49843999695609154,0.6964586544011544
GO:0030155,0.4879938241128895,0.5311222540384977
GO:0030163,0.4917589483561705,0.5344005327690973
GO:0030168,0.485057378410279,0.5851593999565972
GO:0030177,0.4594531660146655,0.5265635013507852
GO:0030178,0.468362125245797,0.5174182469208084
GO:0030182,0.503523286359892,0.5611556246622806
GO:0030183,0.5186260773574495,0.6349742900616393
GO:0030198,0.5028435804652369,0.6222670991333202
GO:0030199,0.45896968690581397,0.6506604643035789
GO:0030216,0.522677833532314,0.6756603979467812
GO:0030217,0.463088221595576,0.569559815165869
GO:0030218,0.496370291291749,0.5818839256668835
GO:0030220,0.46049805513275854,0.518003253968254
GO:0030225,0.5177189449577511,0.726052117020867
GO:0030282,0.48853125715157497,0.5712182795163875
GO:0030301,0.5475323675909716,0.6673930094409346
GO:0030307,0.44667578216890147,0.5356995765378976
GO:0030308,0.485146460272936,0.580191857805659
GO:0030316,0.4157403064415255,0.6642732202994232
GO:0030317,0.5748440869801485,0.697233755241261
GO:0030318,0.5380513779691676,0.49057484848484845
GO:0030324,0.506858468135694,0.5836957219506897
GO:0030325,0.505648826740317,0.5456062424222742
GO:0030326,0.610484423794653,0.4916647758048473
GO:0030334,0.487015924027172,0.5296031381873749
GO:0030335,0.486519275251996,0.6116533008643763
GO:0030336,0.5146831077056455,0.5529356338106338
GO:0030433,0.5465205102742345,0.5686659644398112
GO:0030488,0.49816549867966653,0.6337650919487946
GO:0030500,0.38537782512746355,0.5445851046176047
GO:0030501,0.504233036099891,0.657317068677806
GO:0030509,0.46637506861130695,0.5791017355426449
GO:0030511,0.47995543144058,0.5400654948339724
GO:0030512,0.5119033456827885,0.557588505907743
GO:0030513,0.475833079345728,0.6202342675651471
GO:0030514,0.505990179252479,0.5127386803237692
GO:0030520,0.497020186650436,0.5314010479963138
GO:0030521,0.4593870752268135,0.5247878841991341
GO:0030522,0.482877771928366,0.5682002855989206
GO:0030534,0.46597946648392097,0.6920245164923224
GO:0030539,0.5382052777989159,0.5944846753246753
GO:0030574,0.5898492699010836,0.6087455964041665
GO:0030593,0.5586801928485334,0.7822356435660112
GO:0030833,0.508349691452037,0.5662591973063098
GO:0030838,0.489955924425275,0.5302026406504065
GO:0030855,0.5387362735356316,0.6469180268336704
GO:0030866,0.49541338749259545,0.5784928710140848
GO:0030878,0.572693786644331,0.6094499913386168
GO:0030879,0.519749469429859,0.6879089182887079
GO:0030890,0.463239002193111,0.5922222850948509
GO:0030900,0.4071470450281425,0.5774801592463208
GO:0030901,0.587708804593701,0.4604693355084442
GO:0030968,0.486170890653281,0.5497846764227643
GO:0031016,0.481872356158723,0.5285666660481572
GO:0031032,0.498880314978396,0.5622676239360666
GO:0031047,0.509813409303438,0.5621011475587312
GO:0031069,0.5802028588112824,0.6147483861883719
GO:0031100,0.4617535353535355,0.6134604621684867
GO:0031116,0.485390928600429,0.5234735530076653
GO:0031122,0.513652899403128,0.5277630704074701
GO:0031145,0.44390616107903147,0.5335729716524573
GO:0031146,0.484040158718058,0.5743959082364818
GO:0031175,0.5494991869503401,0.5740655745596841
GO:0031214,0.580139100287502,0.6126434003420802
GO:0031295,0.5100198110332215,0.7478934082842801
GO:0031297,0.3982085269546225,0.6402700823796553
GO:0031333,0.5294005636377486,0.4971944920411709
GO:0031334,0.4707737371289405,0.5574825680418566
GO:0031397,0.4592626486014725,0.5348953151173931
GO:0031398,0.4289561518021645,0.5534798385497806
GO:0031424,0.707270168855535,0.8390680649577491
GO:0031507,0.474071747627024,0.6836803976657573
GO:0031532,0.5000883754187785,0.590312629123264
GO:0031589,0.4344706578724845,0.6710510606060606
GO:0031623,0.4457856743429415,0.6200239726522411
GO:0031640,0.5785176729240655,0.7112148715115271
GO:0031641,0.3994728119794705,0.4774421356421356
GO:0031647,0.4768657374735355,0.5335921112576044
GO:0031648,0.4790341494938935,0.48875901716350495
GO:0031663,0.521798177645674,0.7517029290452037
GO:0031667,0.4936842706904435,0.5055338045167118
GO:0031669,0.46994903913765196,0.5309585501841492
GO:0031954,0.340219172321791,0.6138690159142578
GO:0032007,0.4336334776334775,0.6231532127671726
GO:0032008,0.5200373248019501,0.5498204834936314
GO:0032024,0.5714053284523085,0.5947827011847513
GO:0032088,0.487920922692729,0.5872087874469036
GO:0032091,0.4396773729254545,0.48836397902594064
GO:0032092,0.500864511290726,0.4649280319446765
GO:0032094,0.5784153807675161,0.5518701123668485
GO:0032147,0.523245638340122,0.5135257120053162
GO:0032148,0.4901123759486285,0.5658373797096428
GO:0032204,0.430671824792829,0.5927992912341247
GO:0032259,0.479336027860393,0.5167455367792163
GO:0032331,0.404517249128301,0.5136013943001443
GO:0032332,0.46381131150174604,0.7469215223665223
GO:0032355,0.5102542934311776,0.5727137874837027
GO:0032402,0.49581821718209595,0.5539980208980793
GO:0032418,0.48914471179471597,0.5773868715749345
GO:0032435,0.490523522989819,0.508360540479862
GO:0032436,0.485575657615433,0.5296601055718475
GO:0032438,0.3881807899773795,0.6253874661686695
GO:0032456,0.46464113304391097,0.5707952995624976
GO:0032465,0.508927966604007,0.5506769390806839
GO:0032467,0.5455953823953825,0.50671581391084
GO:0032496,0.505876543683363,0.6549178470339185
GO:0032508,0.46793472042108497,0.6658215315015328
GO:0032526,0.5097274710753406,0.6091810415853605
GO:0032543,0.472769965438092,0.7272443896730414
GO:0032570,0.48781011147507647,0.7043533662594229
GO:0032689,0.547622071511426,0.703263107265513
GO:0032691,0.5694091898782729,0.654839545966554
GO:0032693,0.5072991960232316,0.6912926658812106
GO:0032703,0.5008359347241256,0.6559149685643547
GO:0032715,0.5222751279314779,0.6360271493396655
GO:0032720,0.5396689134766205,0.6675626576165984
GO:0032722,0.498551718881012,0.7373774948361344
GO:0032727,0.541249122628984,0.6976458816543893
GO:0032728,0.501210966810967,0.6805898335933438
GO:0032729,0.5672870377440125,0.7164082408493325
GO:0032731,0.494026167594641,0.7410815142471764
GO:0032733,0.5554617397745685,0.7201945166883398
GO:0032735,0.5601453141274805,0.6952523502963417
GO:0032740,0.5273336378864015,0.7363653418317635
GO:0032743,0.4698864934867065,0.7277209190566789
GO:0032753,0.5805955281457795,0.6877886624445166
GO:0032755,0.470922439196745,0.7046517925239875
GO:0032757,0.537006653326098,0.7333800342926596
GO:0032760,0.4718474005280885,0.6931646769239289
GO:0032781,0.518266839246739,0.546638646205478
GO:0032868,0.501663060540495,0.5577498255790352
GO:0032869,0.5303478550667631,0.5306726013395965
GO:0032870,0.4964686868686865,0.5837838358680957
GO:0032880,0.4615932946091915,0.5211007083040818
GO:0032922,0.5209390907007589,0.597070310649486
GO:0032956,0.4968373034051,0.5625770058932427
GO:0032967,0.36610927110299,0.6146023032369817
GO:0032968,0.491721315642316,0.6146352587665084
GO:0032981,0.5565595545946556,0.7875055082869897
GO:0033077,0.5164803321234286,0.608483893511897
GO:0033137,0.486367887593527,0.5495659927465627
GO:0033138,0.481036517406412,0.5606534318940588
GO:0033209,0.4640767200990865,0.6102448180689638
GO:0033344,0.5505027915239185,0.651269605472425
GO:0033574,0.4761995388898555,0.5564636668375217
GO:0033617,0.4869335769016085,0.7100011163371771
GO:0033627,0.40677097885815405,0.7140481398422605
GO:0033674,0.422471384037289,0.6045204166485892
GO:0034063,0.5214950865784389,0.6750376640036374
GO:0034097,0.524383116058042,0.7009508376335227
GO:0034113,0.510426977842077,0.6834370663952237
GO:0034198,0.41712869669408004,0.5229530204771815
GO:0034220,0.5757095820333595,0.5672174473820771
GO:0034243,0.408886617518068,0.5988141378905114
GO:0034260,0.46110138010983304,0.48845249925655465
GO:0034332,0.525999136705261,0.5478923165236981
GO:0034341,0.526191155944677,0.7617399053866806
GO:0034394,0.5025200589071706,0.5450607281628923
GO:0034446,0.422529637093114,0.5859581300548581
GO:0034504,0.4091541588492805,0.5652574556379746
GO:0034587,0.5148261313963856,0.6246494489080214
GO:0034599,0.505364213100971,0.5894492933537051
GO:0034605,0.439584430097993,0.6502868220415537
GO:0034612,0.448478976997101,0.6175426355469887
GO:0034614,0.466937950937951,0.4923729268697901
GO:0034620,0.5446487470007035,0.6515395555916423
GO:0034644,0.459882984245808,0.5409558431446286
GO:0034765,0.592371698985967,0.6251225025639537
GO:0034976,0.506635073505057,0.5494603380257213
GO:0035019,0.476477170558465,0.5706384176705666
GO:0035023,0.4871192596700705,0.6021929380182287
GO:0035024,0.45638605571624247,0.4828827815040556
GO:0035025,0.5005063326845505,0.6911913289925119
GO:0035082,0.6901879966359259,0.8351121728857799
GO:0035094,0.4265479112013765,0.6424585981328654
GO:0035115,0.5160817229047505,0.6356602655749068
GO:0035116,0.510837253641092,0.6155737179487178
GO:0035176,0.458544955387783,0.6124304424268406
GO:0035235,0.554233005626124,0.7101565672966595
GO:0035249,0.593969294663051,0.6861365335364815
GO:0035264,0.47408209989434646,0.5262671068190619
GO:0035265,0.452594734439203,0.5323191305916306
GO:0035307,0.377019404045788,0.6245513978215206
GO:0035335,0.5036057387243335,0.5051264824559504
GO:0035458,0.522486571124111,0.6508913433408172
GO:0035521,0.487462661678557,0.588192794270495
GO:0035556,0.4894118130368425,0.539312569102526
GO:0035567,0.4411250797517545,0.5927086228919053
GO:0035584,0.515766382633394,0.579931501427118
GO:0035633,0.4380558305621135,0.7651317456191653
GO:0035725,0.57950526054926,0.6113667717749935
GO:0035774,0.6083004030608935,0.5437150739850369
GO:0035855,0.493912605383149,0.5085371724218977
GO:0035904,0.5143303514782385,0.5596668155148524
GO:0035914,0.496392978670591,0.5671413397250686
GO:0035924,0.4082366579510745,0.7194003570878571
GO:0035987,0.46156807988491155,0.5571901277886073
GO:0035994,0.46066717402333845,0.5893968037518038
GO:0036092,0.5884294195681015,0.625083923198476
GO:0036120,0.46007038833192,0.6552430447330447
GO:0036211,0.5412469107493185,0.48598277335883283
GO:0036258,0.4909635495989445,0.611037011285117
GO:0036297,0.44485919605901303,0.6637736706726697
GO:0038095,0.447893786834265,0.6189126881042065
GO:0038096,0.426220497078249,0.6259273329436976
GO:0039702,0.525021349635154,0.605299132849659
GO:0040014,0.474836508903196,0.4933200005953927
GO:0040018,0.5752753667326536,0.5652050360647215
GO:0042026,0.4608406238113355,0.7510767171717172
GO:0042060,0.534657041480436,0.6291956172712987
GO:0042073,0.6028137429127525,0.7405796502017512
GO:0042098,0.5244582475929169,0.559840910947406
GO:0042100,0.5981754454019005,0.6265437633169814
GO:0042102,0.528268815153827,0.7015893944872305
GO:0042104,0.478126268777913,0.6162837482677234
GO:0042110,0.5734092488095845,0.6971927792003
GO:0042113,0.49423750761730645,0.5964603197296594
GO:0042116,0.511296282204128,0.634650055916306
GO:0042127,0.425151884981535,0.5789975390930104
GO:0042130,0.5416507900218465,0.7229967935021583
GO:0042147,0.5022342810557425,0.5397320089508788
GO:0042149,0.4839209605395835,0.6082071886496527
GO:0042177,0.5139844148533834,0.5668966576550631
GO:0042178,0.6331849202120909,0.5946098720303812
GO:0042220,0.56942011694125,0.6693987497112497
GO:0042246,0.5134566116226571,0.7282092532467533
GO:0042254,0.44587838180802997,0.573239810694643
GO:0042267,0.5633675929450574,0.6460803712366212
GO:0042273,0.460474594347528,0.7221344897601477
GO:0042274,0.4411226094455435,0.7510541624533442
GO:0042307,0.46088864133833596,0.5319554028530038
GO:0042311,0.496293217893218,0.6693991491328812
GO:0042327,0.491319255666949,0.574264756831666
GO:0042391,0.6254151255807985,0.6349978528578881
GO:0042472,0.6180668886685815,0.4787284931933338
GO:0042475,0.53921568627451,0.6368157711730605
GO:0042476,0.4735710114014375,0.6007501413038555
GO:0042531,0.5287501271391155,0.6477864022370046
GO:0042542,0.4114531738169625,0.6263594280472125
GO:0042552,0.4671729209569575,0.6454727575570302
GO:0042554,0.549405501856221,0.6028285726655102
GO:0042572,0.5191652686696151,0.5644203124342078
GO:0042573,0.462847407181933,0.6629635579046506
GO:0042593,0.502159294463395,0.5426939545730143
GO:0042594,0.478043516896438,0.4894994189916847
GO:0042632,0.546017026064423,0.5912516363613781
GO:0042733,0.5150252525252526,0.6192607345207114
GO:0042742,0.4983089866924785,0.634247694396184
GO:0042744,0.5542596820564856,0.7041264155948205
GO:0042752,0.4283204814984475,0.6229691284519365
GO:0042755,0.698540889362674,0.7404938279625779
GO:0042771,0.467304166314067,0.6469895776478233
GO:0042789,0.517951985246336,0.5246727938944539
GO:0042832,0.56118306346669,0.7481811234708239
GO:0042908,0.5080971953403071,0.6588025434763112
GO:0042981,0.4612665396547405,0.5045776557544494
GO:0043001,0.5165087021522665,0.46844297412869956
GO:0043010,0.5207865765241565,0.6196607811851326
GO:0043029,0.4683728133648155,0.6047698487999308
GO:0043065,0.480746002091485,0.5723086028607548
GO:0043066,0.4928155649270455,0.5755946086270997
GO:0043085,0.45210727969348696,0.5570122374046885
GO:0043087,0.499101701824111,0.5397232272153921
GO:0043122,0.420555541452655,0.6097181959968807
GO:0043123,0.513850273303774,0.6263413931625802
GO:0043124,0.45753408492638403,0.6048964991399621
GO:0043149,0.361349973365802,0.5323153751803752
GO:0043153,0.5468452607537115,0.5982240922967004
GO:0043154,0.428577081354859,0.5933388248572854
GO:0043161,0.47201670540509955,0.5918084372948128
GO:0043162,0.4714872204878295,0.5681645830625948
GO:0043200,0.427115959051099,0.4711764925984681
GO:0043254,0.47989530769676947,0.41781715052715895
GO:0043278,0.660739661272548,0.7127538078072226
GO:0043280,0.4441358428092185,0.641841796567299
GO:0043303,0.462338288440138,0.48899260417246515
GO:0043330,0.5894048978556025,0.5744626278381396
GO:0043388,0.42972061473641454,0.6130788052071826
GO:0043392,0.497654509040648,0.5430080975654363
GO:0043393,0.510288222459025,0.5700517506911843
GO:0043401,0.444315481475844,0.5705844844594115
GO:0043406,0.48107915102800003,0.5543216676861573
GO:0043407,0.4850119517395985,0.5327859101564799
GO:0043408,0.5031849927849925,0.6219925586708818
GO:0043409,0.4634955266955265,0.5321478393857976
GO:0043410,0.5204377993812834,0.5793141299995412
GO:0043433,0.509220195067503,0.5710939412109757
GO:0043434,0.501685752314611,0.5901747401818366
GO:0043473,0.461753981543904,0.5188304387087995
GO:0043484,0.5116011432062135,0.6306413352708622
GO:0043488,0.494970038594353,0.5298035472683552
GO:0043491,0.45625208759929703,0.6035659141673715
GO:0043507,0.423167800187617,0.5250467891669608
GO:0043524,0.490204386839482,0.5330293511052439
GO:0043525,0.5408610642121885,0.5169423838331273
GO:0043536,0.456762723631961,0.6527223289114742
GO:0043537,0.46436301989532347,0.573563796659647
GO:0043542,0.553694393662401,0.6304846810865528
GO:0043547,0.5028035532843225,0.5708288761872975
GO:0043552,0.5296380920143295,0.6089029155024152
GO:0043588,0.539253600548655,0.5151431398893368
GO:0043616,0.5942417263083095,0.5607041203824001
GO:0043627,0.5274866821776389,0.5755401186361423
GO:0043651,0.663480647098122,0.5824100853796937
GO:0043687,0.5545856185252895,0.5249550230941196
GO:0043966,0.44900267212710054,0.6176699030705178
GO:0043967,0.48930149299207804,0.6136604583658263
GO:0043968,0.477785268468782,0.6417728733158307
GO:0044331,0.600385261899121,0.5086800213675213
GO:0044344,0.48863247049866754,0.6559920585942575
GO:0044458,0.5669762956195115,0.7570312276713218
GO:0044772,0.466701462134557,0.47826175324675324
GO:0044782,0.5800236355199815,0.6875164219074213
GO:0045022,0.47472413143089154,0.5017038760067549
GO:0045070,0.3913359284646415,0.5116516309291748
GO:0045071,0.48064595347576855,0.762925680780831
GO:0045087,0.5487771172298705,0.6360348539463316
GO:0045088,0.486716814234129,0.6648447611007517
GO:0045089,0.557500253794224,0.6565992584172351
GO:0045109,0.687362006139044,0.774040975808107
GO:0045116,0.5268686945564944,0.6614245941540869
GO:0045165,0.520848665984551,0.6357934579551892
GO:0045184,0.460372871572872,0.4552731839620938
GO:0045197,0.64889925136404,0.5571673026956804
GO:0045214,0.5212167388167386,0.6719337465146853
GO:0045216,0.4871981674386915,0.6539168514583855
GO:0045332,0.47763144539179847,0.5939863194985711
GO:0045333,0.570361056072076,0.7538309372568716
GO:0045429,0.47857759496242147,0.6216373069532932
GO:0045444,0.4950504312396895,0.581880619134515
GO:0045445,0.526547437848808,0.4705881746031746
GO:0045453,0.4914176500444105,0.44282561843672186
GO:0045454,0.540387106606721,0.6365909505400436
GO:0045471,0.5125622246804815,0.5505017146302312
GO:0045494,0.493638602251407,0.5460017914820218
GO:0045582,0.5464023088023084,0.5164167668790085
GO:0045595,0.4619511947385795,0.5597752159226322
GO:0045596,0.5038797481210645,0.5619471698599094
GO:0045597,0.471788955838609,0.5621790075250312
GO:0045599,0.5863621342687919,0.5672912465578178
GO:0045600,0.522315364961975,0.6413310266783531
GO:0045648,0.47375250345547404,0.5704229731193277
GO:0045662,0.4463491459496025,0.6217440460725729
GO:0045663,0.5240334531439035,0.561922896857353
GO:0045664,0.5492929344208659,0.5277481106130493
GO:0045665,0.4831410247779585,0.6256483850558567
GO:0045666,0.4920201282093865,0.4823137343325731
GO:0045668,0.528710560725196,0.6325238347174338
GO:0045669,0.4784305169184895,0.6795501994333797
GO:0045671,0.5146301230808275,0.507612408081158
GO:0045672,0.5538550478800135,0.6734100706074467
GO:0045727,0.44117855497679004,0.570716972714505
GO:0045732,0.477654857065274,0.4910299842883415
GO:0045736,0.46451557405715205,0.5836184662994488
GO:0045737,0.4791492116688245,0.5130876537994975
GO:0045739,0.4467095515654745,0.5610360765012563
GO:0045740,0.5725186426145915,0.5050662181703565
GO:0045742,0.5158977872513195,0.5420656203992379
GO:0045746,0.4208282551289865,0.5702732787024072
GO:0045747,0.529485518166058,0.5879957940115927
GO:0045765,0.478549664838513,0.6189158186032406
GO:0045766,0.48078595360495147,0.7332006059036965
GO:0045773,0.587112993274965,0.5904687090937091
GO:0045776,0.496624279804056,0.6592864667552167
GO:0045785,0.4559075451309435,0.559915759061587
GO:0045786,0.47890041177367704,0.5480120009866424
GO:0045787,0.4380408050450695,0.46848992721601246
GO:0045807,0.4797316491655255,0.44243920274170273
GO:0045815,0.481923539817876,0.4941292552352499
GO:0045821,0.5071648442719301,0.506117012987013
GO:0045824,0.49217826878049153,0.6008049718751063
GO:0045840,0.48760279448717,0.6251081004981589
GO:0045860,0.501331332095279,0.46472167534722225
GO:0045861,0.577233297823771,0.5781360864496458
GO:0045862,0.3953814344064745,0.5242459992784994
GO:0045879,0.487798185509453,0.5725751299123092
GO:0045880,0.552163504280017,0.5875322823976145
GO:0045907,0.5435655092768855,0.6667513065950565
GO:0045921,0.511956415359019,0.5328154989994959
GO:0045930,0.569730634606605,0.5326955844155844
GO:0045931,0.564655697745277,0.48812335434401194
GO:0045943,0.426796952032945,0.6416108242400623
GO:0045948,0.537610675596824,0.47430702348480636
GO:0045954,0.508843477010765,0.6486408035578978
GO:0045995,0.447357619893636,0.5314165759592937
GO:0046034,0.6035242500380695,0.5140436668832575
GO:0046326,0.584270635657197,0.5034743266814006
GO:0046329,0.5200798243610245,0.520790091377593
GO:0046330,0.4152802213212985,0.5671275981921228
GO:0046427,0.487652911019745,0.5689928555672413
GO:0046513,0.6194064371278595,0.6359381462949726
GO:0046580,0.4680383252572915,0.5097610109576077
GO:0046597,0.492324861766347,0.6796755633482694
GO:0046627,0.47185339105339097,0.525306341906454
GO:0046628,0.46201166920345,0.4769225564235306
GO:0046676,0.5077556875888685,0.516354069742257
GO:0046677,0.5684453077391836,0.533558955531007
GO:0046686,0.545413992270678,0.5675594557734771
GO:0046697,0.5269051062611234,0.5712090234924759
GO:0046716,0.512103219913222,0.5047423895192942
GO:0046718,0.4893226176808265,0.6563673391882269
GO:0046777,0.4535201835599285,0.5449372539705877
GO:0046835,0.5117144452177951,0.5023884116057126
GO:0046847,0.433791543413955,0.5868617579241361
GO:0046854,0.440368980612883,0.5561315340888572
GO:0046856,0.5601281075596145,0.5062705158730159
GO:0046907,0.434039942455784,0.5858237176154579
GO:0046928,0.5388513146162714,0.593772743437267
GO:0048008,0.4955279702823685,0.6853964630604226
GO:0048009,0.4215430782594965,0.5547877018074536
GO:0048010,0.4842412089213795,0.6972139489889474
GO:0048013,0.5482238492305604,0.6070425490674475
GO:0048015,0.4211205911480155,0.49262318052823023
GO:0048025,0.513379944762195,0.6275107187699083
GO:0048026,0.5226296501701845,0.5412323803335499
GO:0048041,0.470701687603096,0.5778966303058305
GO:0048144,0.4581270469952015,0.5602462785925024
GO:0048146,0.4441340604581395,0.6213329110419625
GO:0048147,0.4706200107190205,0.6139240620396846
GO:0048167,0.6299961861174675,0.733696058156295
GO:0048168,0.6833565338437451,0.7183620754705311
GO:0048208,0.47235541348487553,0.6002067626037231
GO:0048240,0.5801915346331881,0.5650377445431998
GO:0048247,0.6845379387299655,0.8103490678178179
GO:0048255,0.521459222019094,0.4807804701992969
GO:0048260,0.558667343142229,0.555604549062049
GO:0048278,0.5703228725338475,0.582840434907647
GO:0048286,0.488104159257566,0.6359200862202617
GO:0048468,0.5550347486430275,0.6506774125716265
GO:0048469,0.4588833045656075,0.6492541207072456
GO:0048477,0.5280428921153866,0.48042560950373453
GO:0048488,0.539944588744589,0.6887544622863665
GO:0048511,0.406143853600704,0.6018493374542612
GO:0048536,0.527384926516421,0.6019026234267022
GO:0048538,0.48205163117477245,0.4605096237514996
GO:0048565,0.520211584824261,0.6056108648350221
GO:0048568,0.4547127662275025,0.5373241433831493
GO:0048589,0.48855612214695854,0.4655699039454722
GO:0048661,0.5019761372110365,0.6963423022406958
GO:0048662,0.468468735280098,0.6529428698288932
GO:0048666,0.5346507119247395,0.5442628703983708
GO:0048675,0.5353011375177741,0.5945762952895874
GO:0048678,0.47071168831168797,0.6040321329519848
GO:0048701,0.524485075763344,0.611705629196448
GO:0048704,0.525853318106839,0.7772439113699843
GO:0048705,0.517673754784409,0.6393714121724062
GO:0048706,0.6608944342926755,0.5232124084903617
GO:0048709,0.4559433278388025,0.6711426603418026
GO:0048714,0.3760120044667785,0.6826681356267665
GO:0048741,0.5496196447761446,0.4884645583083083
GO:0048754,0.6031818527822179,0.5843098825450429
GO:0048812,0.530478400256112,0.5131192241121622
GO:0048813,0.527466882754099,0.6507550665894616
GO:0048814,0.5535197869101975,0.6216810058785512
GO:0048821,0.3986396111310475,0.5686234668695378
GO:0048839,0.534783078056339,0.686080481981438
GO:0048843,0.5087771897763905,0.5062275231962732
GO:0048844,0.508538225368552,0.7261456587636679
GO:0048854,0.546658465024647,0.6232100569301037
GO:0048856,0.5966668361208549,0.5270374433456944
GO:0048863,0.497677259224515,0.5295537727317774
GO:0048870,0.5152905781095289,0.5826284624368071
GO:0048873,0.4086964125041955,0.5732777633393252
GO:0050482,0.5101035086384049,0.6326214598895745
GO:0050673,0.4350066934404285,0.6009257996906755
GO:0050679,0.5260199536789595,0.6014781208524046
GO:0050680,0.440075427439611,0.6009063093619523
GO:0050714,0.5088021712688124,0.5455160705766269
GO:0050727,0.4961863789492855,0.5910659715426823
GO:0050728,0.5211358463079305,0.6090305256194796
GO:0050729,0.5378001841402,0.6950730624945612
GO:0050730,0.47187185119138253,0.5385013483507444
GO:0050731,0.49375683222601696,0.636324724263879
GO:0050766,0.5075852466634715,0.7097773860630501
GO:0050767,0.502426366360543,0.6358809327757192
GO:0050768,0.572666347708211,0.6331958030224301
GO:0050769,0.432630055602102,0.4363583495776478
GO:0050770,0.6115804160324709,0.6292755555555556
GO:0050772,0.5390386959171235,0.5790794701843308
GO:0050775,0.523387234165951,0.6396488907031835
GO:0050776,0.5488262910798121,0.6533934439246939
GO:0050790,0.45056443429731097,0.6269122299221657
GO:0050796,0.6381937929956221,0.5589958397587153
GO:0050804,0.5357031333049855,0.6743926925638742
GO:0050807,0.5823250386830019,0.6092441666666666
GO:0050808,0.4966523246736745,0.6800841345908483
GO:0050821,0.464418328039012,0.5602113293481354
GO:0050829,0.5107204894210156,0.6358344106241434
GO:0050830,0.53830565009551,0.6907227339231815
GO:0050832,0.5079287779637804,0.7319147877409573
GO:0050850,0.4942554972228565,0.7125326984126984
GO:0050852,0.48870893428352347,0.6161577788327136
GO:0050853,0.5047904683166515,0.7450406961468464
GO:0050860,0.508433748042457,0.5830753572588503
GO:0050873,0.5220774933983345,0.7353881572598672
GO:0050877,0.671953596366348,0.6718355034157449
GO:0050885,0.49487964303555254,0.5457082799175074
GO:0050890,0.472429692858776,0.5170938008196188
GO:0050896,0.5965079658388835,0.5019648386291617
GO:0050900,0.426604972505863,0.6447162094038109
GO:0050901,0.5684550989345509,0.6329597222222222
GO:0050908,0.5703048368002706,0.4274857674740784
GO:0050911,0.838257343746012,0.7037734125137246
GO:0050918,0.462445386518191,0.5891728631228339
GO:0050919,0.5534661890971906,0.5360801004902819
GO:0051000,0.43470319634703203,0.5204906935824528
GO:0051016,0.5221148398988745,0.5708492135642135
GO:0051017,0.4669252525252525,0.56460355521415
GO:0051028,0.4448621047686585,0.6107080512152778
GO:0051056,0.4960554534313725,0.5826788407641121
GO:0051085,0.5388223282679574,0.6669114584010224
GO:0051090,0.484879130917039,0.5288312472745155
GO:0051091,0.493039035467128,0.5545342616783995
GO:0051092,0.5083552376344225,0.611259027718536
GO:0051123,0.533560592034328,0.5672803385162536
GO:0051131,0.41169283582341953,0.7333789917057874
GO:0051179,0.5638319175099555,0.5144511525053052
GO:0051209,0.5191777763255345,0.5083693891491022
GO:0051216,0.5566624177520845,0.6451496487700926
GO:0051225,0.525186570810904,0.618080097573547
GO:0051247,0.3990698461018095,0.647576998611356
GO:0051260,0.526346242011478,0.5693994647158732
GO:0051262,0.5179414131309394,0.5347593750579853
GO:0051276,0.4923029764924745,0.5405157683778843
GO:0051281,0.5720543849256721,0.5064521756551873
GO:0051289,0.463120550470379,0.44819633681560844
GO:0051301,0.5004783799437955,0.5883881311800205
GO:0051302,0.39718417047184196,0.48464090123353715
GO:0051321,0.5192779516937724,0.5779769905357298
GO:0051384,0.45264903336983253,0.5941716566866267
GO:0051402,0.438010502811175,0.5169132634659869
GO:0051443,0.4704611170293715,0.5199350715414421
GO:0051453,0.491657465925531,0.48725610246119566
GO:0051480,0.5884085674609225,0.5493239044508792
GO:0051482,0.5175031870127815,0.7691260814001343
GO:0051491,0.4184235915403555,0.612901241065627
GO:0051493,0.536736402583563,0.6486742593640691
GO:0051496,0.49550313985711747,0.4999135297817481
GO:0051497,0.4815239599989845,0.6263597852660353
GO:0051568,0.5115460445595246,0.6786268072789219
GO:0051571,0.4802257737189245,0.6614290548340548
GO:0051591,0.4449415686654755,0.6210965107690489
GO:0051592,0.5484172387490465,0.5444199467283749
GO:0051602,0.44501173708920205,0.49696414443289444
GO:0051603,0.410013623401789,0.6454604981589777
GO:0051607,0.542583272619974,0.654236683762464
GO:0051649,0.528450798118588,0.5998382031453928
GO:0051726,0.467918204592966,0.5640577201994713
GO:0051781,0.5415541178349961,0.7018406010147001
GO:0051865,0.499799603635921,0.5221863853089742
GO:0051881,0.475250006345339,0.6955844936731703
GO:0051893,0.4113246120553725,0.5623855952844895
GO:0051894,0.4782513515571465,0.6149084194058292
GO:0051897,0.526406911907314,0.6259553136514155
GO:0051898,0.4893880506020425,0.49640167898184867
GO:0051899,0.5401267449627545,0.5815810209235209
GO:0051924,0.519062481874601,0.5014575945050662
GO:0051928,0.4643563925798665,0.5996302239353627
GO:0051930,0.5036354508635961,0.6338606810214359
GO:0051932,0.7100679909683635,0.7082876558846454
GO:0051965,0.5113036440638665,0.67041384863124
GO:0051966,0.6213703534430225,0.6945637895823118
GO:0051968,0.5734718802268876,0.6664387332943446
GO:0051973,0.4453677609363495,0.5126591785527181
GO:0052695,0.5693494018653691,0.7574999603174604
GO:0055007,0.44651387937667497,0.4795342243867244
GO:0055010,0.6088626956338935,0.708754522278514
GO:0055013,0.528980727435709,0.6122395054397912
GO:0055072,0.512465018979801,0.6442297052301603
GO:0055074,0.494762182790513,0.6478423830874868
GO:0055075,0.6346446507380915,0.5137281926406927
GO:0055085,0.527894310546009,0.5376444419701497
GO:0055088,0.510050992785957,0.5537195522050672
GO:0060021,0.5669854419587186,0.5713605195557003
GO:0060038,0.46575624920695347,0.5408754210003803
GO:0060041,0.5662183919734255,0.46121506360076403
GO:0060045,0.5241828501837635,0.5820320789960354
GO:0060047,0.5197419049310366,0.6175354653679653
GO:0060048,0.5179377418726555,0.6106291751542207
GO:0060070,0.4725843029733105,0.6009962233240548
GO:0060071,0.430740910014219,0.5163434520679598
GO:0060078,0.6225998756313615,0.7654711304561237
GO:0060079,0.590752448175717,0.6531011654686614
GO:0060155,0.45306598815504295,0.5520844997618429
GO:0060173,0.549046768153884,0.5948708521680898
GO:0060218,0.4491818873668185,0.5738766555651419
GO:0060236,0.475536952477592,0.5976837373737374
GO:0060261,0.5309368856348725,0.5857834078220371
GO:0060271,0.5698440676701545,0.6866289544372911
GO:0060291,0.5943477566371524,0.7098685784277291
GO:0060307,0.4084580585151365,0.5344399206349206
GO:0060324,0.3867987444635335,0.5765823692942337
GO:0060325,0.480497372229416,0.617827021465549
GO:0060326,0.4164507278408655,0.5795620976251391
GO:0060337,0.6079569401071421,0.6475815377946718
GO:0060348,0.4977869352869355,0.5617319683985972
GO:0060349,0.5573971498908685,0.5186100564072583
GO:0060395,0.5026967892942555,0.5403194129774306
GO:0060412,0.499256509009633,0.6048238619130338
GO:0060548,0.42976381359598903,0.545453603984894
GO:0060612,0.49799537883404454,0.4852515249978338
GO:0060828,0.47996776567933197,0.45284707786583517
GO:0060907,0.428836019108511,0.7578975001314417
GO:0060976,0.44488609999420003,0.5390504210776991
GO:0061024,0.5221976794373775,0.6115988151613152
GO:0061025,0.5064391631119235,0.5946217254749062
GO:0061028,0.500420715258222,0.7555751455722233
GO:0061077,0.468917808282428,0.644851315580401
GO:0061098,0.4978505165105715,0.5077858272150391
GO:0061351,0.453404199541653,0.537469062049062
GO:0061436,0.5494908465205495,0.602103461137702
GO:0061484,0.37107644173854204,0.5817628912205183
GO:0061512,0.6181446436322995,0.6529537191873234
GO:0061844,0.548501993433396,0.7544243554267857
GO:0065003,0.4756497034309965,0.528369208416158
GO:0070050,0.6419656231751595,0.6170001732726879
GO:0070059,0.4497136893176495,0.6205310740471591
GO:0070098,0.5781130816170865,0.7944712720246168
GO:0070269,0.5306663621599674,0.7561477334242778
GO:0070301,0.4687465687574145,0.5533361537960672
GO:0070328,0.583004030608935,0.5980905826294131
GO:0070371,0.521723001071042,0.6291856226589728
GO:0070372,0.46780730925122105,0.5912522305959805
GO:0070373,0.5059453818940725,0.5163746124782269
GO:0070374,0.5129230596478035,0.6276620711187064
GO:0070498,0.476522070015221,0.5601382792207792
GO:0070507,0.5592455752774179,0.5528026107953314
GO:0070527,0.5082644478085505,0.64165208071347
GO:0070534,0.458007934646654,0.4937903776939422
GO:0070536,0.412787254205165,0.5610982794006896
GO:0070542,0.4644696450769975,0.7471318947736247
GO:0070555,0.4694118543349075,0.6214698899826289
GO:0070584,0.510259955518347,0.5740983982683983
GO:0070588,0.53573193352408,0.5740481490832964
GO:0070830,0.5009186128554985,0.5814601244497213
GO:0070935,0.564628784035177,0.5383072492784993
GO:0070936,0.505452242161774,0.5979786962278074
GO:0070979,0.437941101802488,0.6138007189882191
GO:0071108,0.5917833942346735,0.5373898586086087
GO:0071222,0.545955330657826,0.6782775504127363
GO:0071230,0.5063496300816105,0.54689645951425
GO:0071260,0.4778107393430425,0.7052345346176958
GO:0071276,0.5546924580509229,0.663698154645874
GO:0071277,0.529939546009791,0.5827302924876178
GO:0071280,0.677047314587275,0.7126038175046555
GO:0071294,0.578435227464908,0.6758722402597402
GO:0071300,0.5183480034335131,0.5181486143023553
GO:0071320,0.4833110856852275,0.6006482888593714
GO:0071333,0.535340795863592,0.5136332498455305
GO:0071345,0.5196877380045695,0.5542798784361285
GO:0071346,0.5220856722135495,0.7021628865994839
GO:0071347,0.5434995037789145,0.676487380129918
GO:0071353,0.424341771348814,0.6218853740391902
GO:0071356,0.5363070243415995,0.667563463088857
GO:0071363,0.4574635112829555,0.536465514622928
GO:0071364,0.44692324169680053,0.5544946831899622
GO:0071385,0.5485070569558315,0.537404976850778
GO:0071392,0.50628715134888,0.525781505320417
GO:0071398,0.44728486614618446,0.6224473710253032
GO:0071407,0.5621288317493744,0.6986272840784251
GO:0071425,0.4717917767700825,0.5336040725311363
GO:0071456,0.4684111294820445,0.5640209260105903
GO:0071466,0.50576061785887,0.5675549115799833
GO:0071479,0.427737980321428,0.5713307095856176
GO:0071480,0.472177276072997,0.5686740322052821
GO:0071526,0.48288253968253947,0.5574872849390887
GO:0071539,0.456854487488478,0.5241568252731316
GO:0071542,0.573796416097961,0.6529526280177547
GO:0071549,0.428719388402487,0.5666549196656706
GO:0071560,0.4898361788396155,0.6134323259576272
GO:0071577,0.4906780305912795,0.5848711295414978
GO:0071773,0.487483675892784,0.6348989668615984
GO:0071805,0.5905539858840985,0.6184768993802539
GO:0071897,0.40804626879564054,0.5471080805292104
GO:0071902,0.4466487489955945,0.5158931703106604
GO:0071985,0.5519892609504484,0.5435991192424495
GO:0072089,0.5488179643283705,0.5653863145570444
GO:0072332,0.4486486486486485,0.5693652911307435
GO:0072583,0.434053944330263,0.5523773169200121
GO:0072593,0.4312093743652245,0.5742671735222128
GO:0072657,0.5293674953492304,0.46412287749049874
GO:0072659,0.49882450499810105,0.5406211602109474
GO:0080111,0.5309931506849315,0.6443518719521057
GO:0086091,0.522277468735977,0.5422526088689038
GO:0090023,0.5204304656769445,0.697760476205941
GO:0090026,0.572962906594289,0.7592195875427904
GO:0090050,0.3848448334178925,0.712623142135642
GO:0090090,0.4935174862711095,0.5631440645836057
GO:0090102,0.581538170823885,0.5180765416856197
GO:0090103,0.527754822434378,0.6440211120853901
GO:0090148,0.4833382018000625,0.6012449601547131
GO:0090200,0.4800486015938275,0.6035841561647395
GO:0090201,0.463108828006088,0.634461038961039
GO:0090263,0.447289341844821,0.503454925513749
GO:0090303,0.586041555673948,0.5409537542218757
GO:0090305,0.459998228540428,0.5870497581865438
GO:0090307,0.43735049365954604,0.5170022932963517
GO:0090314,0.541441424293183,0.47064375192500196
GO:0090316,0.446550011600255,0.5060634683539607
GO:0090398,0.4608614267917525,0.5549415687805476
GO:0090502,0.4487543701389915,0.5119436566840277
GO:0090503,0.548590814437226,0.611887799815271
GO:0090630,0.44828447468518,0.5769254886623737
GO:0097009,0.4363069339056535,0.5354739772357724
GO:0097150,0.5933713034139245,0.6117114372929792
GO:0097190,0.453993229907313,0.5658364342029363
GO:0097191,0.43104133761777697,0.6017468994755166
GO:0097192,0.49058445680046747,0.598099916103913
GO:0097193,0.4664052188039395,0.5074187095749596
GO:0097194,0.47790863319522847,0.5883127153186253
GO:0097352,0.4712491350698395,0.5897136130081301
GO:0097421,0.4239135952888615,0.5589579163959282
GO:0097746,0.4934811572135515,0.5921414501461514
GO:0098586,0.5535867877955061,0.6092586427718041
GO:0098609,0.506631107885825,0.6359595334449855
GO:0098655,0.5353370393391735,0.5418865300769807
GO:0098664,0.6926678333206525,0.7150129459999857
GO:0098703,0.5638591630591635,0.6783803121569307
GO:0098719,0.5867095810770645,0.532094715420753
GO:0098869,0.440157359046471,0.6637840663734318
GO:0098962,0.6579549298156605,0.7611939952810789
GO:0099072,0.493757398951463,0.49284400966049124
GO:0099170,0.5244111954417935,0.7331373032880923
GO:0099171,0.6708975367874155,0.6764121025041158
GO:0099175,0.5167487392967135,0.5738213189150689
GO:0099505,0.6686228879298185,0.6916112778860732
GO:0099560,0.441896650171298,0.7436201989694292
GO:0120009,0.565857549640251,0.5642009887465036
GO:0120162,0.4788056554526825,0.5750551589761997
GO:0120163,0.4772407094747925,0.5297370857002442
GO:0140374,0.472738113360735,0.5807998620634199
GO:0140467,0.4411765638878315,0.711976706612107
GO:0150104,0.5283534153077765,0.6430523964881183
GO:1900016,0.5054335809074335,0.5229048751840305
GO:1900017,0.5231710514075996,0.6766026673594874
GO:1900026,0.5021983328250486,0.6528518114191567
GO:1900087,0.462641524612792,0.4683873328665266
GO:1900182,0.47472003610617497,0.6357818682043677
GO:1900273,0.471184334018213,0.6504357327660863
GO:1900745,0.4625862966065125,0.6105177437052437
GO:1901214,0.4530836482932975,0.5588919070193179
GO:1901215,0.4517909786665505,0.5786934951745825
GO:1901216,0.43584788922287,0.5992389891767858
GO:1901223,0.4411353254663115,0.6655494464775956
GO:1901224,0.478953260115638,0.6824167925076305
GO:1901673,0.561555826104601,0.5147747025549195
GO:1901796,0.47287427279424854,0.5216555390516772
GO:1901998,0.502149697708683,0.5030172501750525
GO:1902017,0.478689510833185,0.5330942518267959
GO:1902042,0.4927060331480495,0.6894885149572649
GO:1902455,0.4284901911043465,0.5431729581529582
GO:1902459,0.49657815245646897,0.554765523103506
GO:1902476,0.5844778619593041,0.5391099623140172
GO:1902600,0.5103137199392656,0.5929275268275458
GO:1902894,0.45265516658210747,0.6263050890962958
GO:1902895,0.5183112111272155,0.7018448918959945
GO:1903076,0.474249534923051,0.521454411976912
GO:1903077,0.448222425180337,0.6049393253968255
GO:1903078,0.483686462226969,0.541050399570253
GO:1903241,0.4958285750539275,0.7088435930328224
GO:1903672,0.490060037206156,0.5385428751803751
GO:1903861,0.6388357291462785,0.7204347282909528
GO:1903955,0.5539648695299015,0.5361782485325016
GO:1904262,0.453616292348687,0.6143581603052963
GO:1904263,0.440357478151495,0.62066836138274
GO:1904646,0.485034674592288,0.5890288972141499
GO:1904659,0.46051374409185797,0.5517486629858179
GO:1904706,0.39001712980586245,0.6637698657572805
GO:1904707,0.503152535486656,0.6142117489487006
GO:1905168,0.495303330538831,0.6584381239255118
GO:1905515,0.54357381591428,0.6609548029544775
GO:1905606,0.48023892132803003,0.6646491931466199
GO:1990000,0.5568490197570319,0.4910165369258699
GO:1990090,0.4781015133048955,0.4759346930013727
GO:1990138,0.574565839123957,0.5333257993981512
GO:1990573,0.6503646667174909,0.5494521640469738
GO:1990830,0.4670316333799435,0.5411378646730063
GO:2000045,0.514716491241451,0.5634760720008983
GO:2000060,0.490946486399648,0.4382406835323258
GO:2000134,0.445696677929358,0.6165003651332736
GO:2000147,0.350454507018434,0.5909876443001443
GO:2000249,0.390539257261742,0.5374555401949049
GO:2000251,0.4753593776424825,0.5981062085137085
GO:2000272,0.5893546012892745,0.47979478557504873
GO:2000300,0.6351908541456005,0.7499589440909387
GO:2000311,0.543348214663183,0.7775789357864358
GO:2000352,0.5174816563840865,0.6645485573173902
GO:2000378,0.5620229215144725,0.6578933689594815
GO:2000379,0.476444952187526,0.6505718131999046
GO:2000463,0.648989898989899,0.8198757450843085
GO:2000647,0.594375523251389,0.557429696969697
GO:2000648,0.6076505228957254,0.6218490405024908
GO:2000773,0.5109123964146794,0.5003943060013978
GO:2000779,0.502046330848402,0.6417873546623547
GO:2000781,0.496700811701955,0.6134993906109063
GO:2000819,0.5410289601258915,0.6288243766406567
GO:2001234,0.5046955506484935,0.5420017415036715
GO:2001235,0.4510653012537435,0.5179077490952491
GO:2001237,0.484711100643743,0.5068787785217448
GO:2001238,0.4274458413085085,0.6823471443248614
GO:2001240,0.4681218039301965,0.5580354021168398
GO:2001243,0.5170548240606845,0.5671276500988133
GO:2001244,0.4911596287833915,0.6493894049964991
